Name,Address,Number
DrainTech Plumbing,"
1657 Dundas St, London, ON N5W 3C6","<li class=""mlr__submenu__item"" tabindex=""0""><h4>519-854-1014</h4>
</li>"
Steve Young Plumbing & Heating Ltd,"
185 Wellington St, London, ON N6B 2K9","<li class=""mlr__submenu__item"" tabindex=""0""><h4>519-868-9747</h4>
</li>"
Mr Rooter Plumbing of London ON,"
125-4474 Blakie Rd, London, ON N6L 1G7","<li class=""mlr__submenu__item"" tabindex=""0""><h4>519-451-7772</h4>
</li>"
Triton Plumbing Service,"
1680 Wharncliffe Rd S, London, ON N6L 1K3","<li class=""mlr__submenu__item"" tabindex=""0""><h4>226-702-2426</h4>
</li>"
Taps Plumbing,"
659 Central Ave, London, ON N5W 3P7","<li class=""mlr__submenu__item"" tabindex=""0""><h4>226-270-7469</h4>
</li>"
Atchison S W Plumbing & Heating Ltd,"
4186 Raney Cres, London, ON N6L 1C3","<li class=""mlr__submenu__item"" tabindex=""0""><h4>519-652-2968</h4>
</li>"
Lawton Peter & Son Plumbing Inc,"
37 Charles St, London, ON N6H 1H1","<li class=""mlr__submenu__item"" tabindex=""0""><h4>519-434-2306</h4>
</li>"
Hy-Pro Plumbing & Drain Cleaning of London ON,"
380 Wellington St, Tower B 6th Floor, London, ON N6A 5B5","<li class=""mlr__submenu__item"" tabindex=""0""><h4>226-289-1773</h4>
</li>"
Railway City Plumbing Inc,"
199 Fairview Ave, St Thomas, ON N5R 4Y2","<li class=""mlr__submenu__item"" tabindex=""0""><h4>519-878-7085</h4>
</li>"
Salliss Plumbing & Heating,"
443 South St, London, ON N6B 1C1","<li class=""mlr__submenu__item"" tabindex=""0""><h4>519-652-9955</h4>
</li>"
Mr Rooter Plumbing of London,"
125-4474 Blakie Rd, London, ON N6L 1G7","<li class=""mlr__submenu__item"" tabindex=""0""><h4>519-451-7772</h4>
</li>"
Steve Young Plumbing & Heating Ltd,"
185 Wellington St, London, ON N6B 2K9","<li class=""mlr__submenu__item"" tabindex=""0""><h4>519-868-9747</h4>
</li>"
Paton Bros Ltd,"
679 Sovereign Rd, London, ON N5V 4K8","<li class=""mlr__submenu__item"" tabindex=""0""><h4>226-270-7406</h4>
</li>"
Curney Mechanical Ltd,"
414 Neptune Cres, London, ON N6M 1A1","<li class=""mlr__submenu__item"" tabindex=""0""><h4>519-453-1614</h4>
</li>"
Pure Water Plumbing,"
261 Edward St, St Thomas, ON N5P 4A9","<li class=""mlr__submenu__item"" tabindex=""0""><h4>519-633-6006</h4>
</li>"
D & S Plumbing,"
1970 Mallard Rd, London, ON N6H 5L8","<li class=""mlr__submenu__item"" tabindex=""0""><h4>519-472-7048</h4>
</li>"
DrainTech Plumbing,"
1657 Dundas St, London, ON N5W 3C6","<li class=""mlr__submenu__item"" tabindex=""0""><h4>519-854-1014</h4>
</li>"
Best Plumbing and Drainage,"
119 Exeter Rd, London, ON N6L 1A4","<li class=""mlr__submenu__item"" tabindex=""0""><h4>519-438-6565</h4>
</li>"
Y T Gifts Co Ltd,"
77-1084 Southdale Rd E, London, ON N6E 1B2","<li class=""mlr__submenu__item"" tabindex=""0""><h4>519-434-0055</h4>
</li>"
,,
,,
Woody's Plumb House,"
London, ON N6K 1E3","<li class=""mlr__submenu__item"" tabindex=""0""><h4>519-639-9420</h4>
</li>"
Renaissance Painters,"
London, ON N5Y 3P3","<li class=""mlr__submenu__item"" tabindex=""0""><h4>226-234-6397</h4>
</li>"
Bracks Plumbing,"
London, ON","<li class=""mlr__submenu__item"" tabindex=""0""><h4>519-495-1053</h4>
</li>"
M J H Plumbing,"
98 Emery St W, London, ON N6J 1R8","<li class=""mlr__submenu__item"" tabindex=""0""><h4>519-878-8174</h4>
</li>"
Black & McDonald,"
1-97 Bessemer Rd, London, ON N6E 1P9","<li class=""mlr__submenu__item"" tabindex=""0""><h4>519-681-4801</h4>
</li>"
,,
,,
,,
,,
Hesseybrosplumbing,"
100 St George St, London, ON N6A 2Z8","<li class=""mlr__submenu__item"" tabindex=""0""><h4>519-433-0851</h4>
</li>"
Marriott Mechanical,"
6 Hart Cres, London, ON N6E 2W6","<li class=""mlr__submenu__item"" tabindex=""0""><h4>519-777-5799</h4>
</li>"
,,
Duke Maintenance,"
17 Childers St, London, ON N5W 4C1","<li class=""mlr__submenu__item"" tabindex=""0""><h4>519-659-8629</h4>
</li>"
Elko Services,"
76 Fairview Ave, London, ON N6C 4T5","<li class=""mlr__submenu__item"" tabindex=""0""><h4>519-661-0131</h4>
</li>"
"Hammond, Dean","
396 Ridgewood Cres, London, ON N6J 3H1","<li class=""mlr__submenu__item"" tabindex=""0""><h4>519-641-3994</h4>
</li>"
Sobek Plumbing,"
1055 Crosscreek Cres, London, ON N5Y 6K9","<li class=""mlr__submenu__item"" tabindex=""0""><h4>519-808-1398</h4>
</li>"
,,
,,
,,
Hill Plumbing,"
67 Golfview Cres, London, ON N6C 5N4","<li class=""mlr__submenu__item"" tabindex=""0""><h4>519-681-2027</h4>
</li>"
Prime Plumbing,"
104 Sundridge Cres, London, ON N5Z 4R7","<li class=""mlr__submenu__item"" tabindex=""0""><h4>519-520-4295</h4>
</li>"
Stevens Dick,"
261 Scotland Dr, London, ON N6N 1N1","<li class=""mlr__submenu__item"" tabindex=""0""><h4>519-644-0807</h4>
</li>"
,,
,,
,,
,,
,,
,,
,,
,,
,,
,,
,,
,,
,,
,,
,,
,,
,,
,,
National Plumbing Solutions,"
6 Chamberlain Crt, St Thomas, ON N5R 0A4","<li class=""mlr__submenu__item"" tabindex=""0""><h4>519-854-1688</h4>
</li>"
Home Town Plumbing,"
St. Thomas, ON","<li class=""mlr__submenu__item"" tabindex=""0""><h4>519-639-8228</h4>
</li>"
Barrett Mechanical Inc,"
4058 Eastgate Cres, London, ON N6L 1B2","<li class=""mlr__submenu__item"" tabindex=""0""><h4>519-652-7207</h4>
</li>"
Adams Plumbing Ltd,"
London, ON","<li class=""mlr__submenu__item"" tabindex=""0""><h4>519-652-0051</h4>
</li>"
Thrifty Scot Plumbing,"
13760 Riverside Dr E, Tecumseh, ON N8N 2M9","<li class=""mlr__submenu__item"" tabindex=""0""><h4>519-670-8924</h4>
</li>"
,,
Metcalfe Tim Plumbing,"
55 Cobblestone Rd, London, ON N5Y 5M7","<li class=""mlr__submenu__item"" tabindex=""0""><h4>519-455-0404</h4>
</li>"
Andersen Bros. Plumbing,"
540 Clarke Rd, London, ON N5V 2C7","<li class=""mlr__submenu__item"" tabindex=""0""><h4>519-453-6726</h4>
</li>"
M.C.G,"
1000 Pond Mills Rd, London, ON N6N 1A2","<li class=""mlr__submenu__item"" tabindex=""0""><h4>519-690-2434</h4>
</li>"
Paton Bros Ltd,"
679 Sovereign Rd, London, ON N5V 4K8","<li class=""mlr__submenu__item"" tabindex=""0""><h4>519-452-1988</h4>
</li>"
Barrett Mechanical Inc,"
325 Tartan Dr, London, ON N5V 5J6","<li class=""mlr__submenu__item"" tabindex=""0""><h4>519-451-3871</h4>
</li>"
United Assn (Plumbers),"
331 Sovereign Rd, London, ON N6M 1A6","<li class=""mlr__submenu__item"" tabindex=""0""><h4>519-659-7831</h4>
</li>"
,,
,,
,,
Vladic's Plumbing,"
LONDON, ON","<li class=""mlr__submenu__item"" tabindex=""0""><h4>519-870-7680</h4>
</li>"
,,
,,
,,
,,
,,
,,
,,
,,
,,
,,
Discount Drain Service Inc,"
555 Third St, London, ON N5V 2C1","<li class=""mlr__submenu__item"" tabindex=""0""><h4>519-451-8342</h4>
</li>"
Empipe Lining Solutions Ltd,"
3376 White Oak Rd, London, ON N6E 2Z9","<li class=""mlr__submenu__item"" tabindex=""0""><h4>1-877-531-1316</h4>
</li>"
Practical Plumbing Co Ltd,"
3-1895 Blue Heron Dr, London, ON N6H 5L9","<li class=""mlr__submenu__item"" tabindex=""0""><h4>519-471-8392</h4>
</li>"
Rose Plumbing & Heating,"
462 Grey St, London, ON N6B 1H3","<li class=""mlr__submenu__item"" tabindex=""0""><h4>519-439-3014</h4>
</li>"
Brouwer Plumbing & Heating,"
833 Central Ave, London, ON N5W 3R1","<li class=""mlr__submenu__item"" tabindex=""0""><h4>519-679-8022</h4>
</li>"
Mech Tech Marketing Inc,"
454 Commissioners Rd E, London, ON N6C 2T7","<li class=""mlr__submenu__item"" tabindex=""0""><h4>519-680-3174</h4>
</li>"
Sea Way Mechanical Inc,"
12-610 Newbold St, London, ON N6E 2T6","<li class=""mlr__submenu__item"" tabindex=""0""><h4>519-686-3967</h4>
</li>"
Devilee Plumbing & Heating,"
38 Caprice Cres, London, ON N5V 3M2","<li class=""mlr__submenu__item"" tabindex=""0""><h4>519-453-6837</h4>
</li>"
G & E Plumbing,"
2969 Glanworth Dr, London, ON N6N 1N6","<li class=""mlr__submenu__item"" tabindex=""0""><h4>519-671-2047</h4>
</li>"
Shamrock Mechanical Solutions Inc,"
34715 Mitchell Line, Lucan, ON N0M 2J0","<li class=""mlr__submenu__item"" tabindex=""0""><h4>519-225-2400</h4>
</li>"
U Need A Plumber,"
242 Baxter St, London, ON N5W 0A2","<li class=""mlr__submenu__item"" tabindex=""0""><h4>519-617-8000</h4>
</li>"
,,
,,
,,
,,
Licensed Plumber for Hire,"
London, ON","<li class=""mlr__submenu__item"" tabindex=""0""><h4>519-318-7610</h4>
</li>"
,,
,,
Kennedy Plumbing and Heating,"
Strathroy, ON","<li class=""mlr__submenu__item"" tabindex=""0""><h4>519-245-7183</h4>
</li>"
,,
T Rice Plumbing & HTG,"
4876 Dundas St RR 2, Thorndale, ON N0M 2P0","<li class=""mlr__submenu__item"" tabindex=""0""><h4>519-685-5500</h4>
</li>"
Mike Pope Plumbing & Heating,"
11-1020 Hargrieve Rd, London, ON N6E 1P5","<li class=""mlr__submenu__item"" tabindex=""0""><h4>519-673-5954</h4>
</li>"
Frans C Voogt Plumbing Services,"
293433 Culloden Rd, Ingersoll, ON N5C 3J7","<li class=""mlr__submenu__item"" tabindex=""0""><h4>519-615-2480</h4>
</li>"
Brouwer Plumbing and Heating Ltd,"
833 Central Ave, London, ON N5W 3R1","<li class=""mlr__submenu__item"" tabindex=""0""><h4>519-672-1631</h4>
</li>"
Ashworth Plumbing & Drainage Ltd,"
22 Pritchard Pl, London, ON N5W 2J2","<li class=""mlr__submenu__item"" tabindex=""0""><h4>519-457-7644</h4>
</li>"
,,
Steen's Plumbing & Heating,"
London, ON","<li class=""mlr__submenu__item"" tabindex=""0""><h4>226-973-4615</h4>
</li>"
Zettler C J & Associates,"
499 Crestwood Dr, London, ON N6K 1Y1","<li class=""mlr__submenu__item"" tabindex=""0""><h4>519-641-2050</h4>
</li>"
Wood Plumbing And Heating Ltd,"
42 Northcrest Dr, London, ON N5X 3V8","<li class=""mlr__submenu__item"" tabindex=""0""><h4>519-318-8421</h4>
</li>"
Hesselmans Plumbing & Heating Ltd,"
525 Scotland Dr, London, ON N6N 1N1","<li class=""mlr__submenu__item"" tabindex=""0""><h4>519-644-1317</h4>
</li>"
,,
,,
,,
,,
Affordable Plumber and handyman services,"
London, ON","<li class=""mlr__submenu__item"" tabindex=""0""><h4>519-852-7794</h4>
</li>"
,,
,,
Steve Young Plumbing & Heating Ltd,"
185 Wellington St, London, ON N6B 2K9","<li class=""mlr__submenu__item"" tabindex=""0""><h4>519-868-9747</h4>
</li>"
Pope R W & Sons Ltd,"
4865 Colonel Talbot, London, ON N6P 1P7","<li class=""mlr__submenu__item"" tabindex=""0""><h4>519-652-3133</h4>
</li>"
,,
Forest City Drainage and Sewer Service,"
London, ON N5Y 5E8","<li class=""mlr__submenu__item"" tabindex=""0""><h4>519-902-5953</h4>
</li>"
C T M Plumbing & Heating,"
337 Burlington Cres, London, ON N5Z 3G8","<li class=""mlr__submenu__item"" tabindex=""0""><h4>519-686-9530</h4>
</li>"
Fabian's Plumbing And Heating Ltd,"
3382 McLauchlan Cres, London, ON N6P 0A4","<li class=""mlr__submenu__item"" tabindex=""0""><h4>519-652-5706</h4>
</li>"
Allan's Plumbing & Heating Limited,"
10126 Sinclair Dr, Ilderton, ON N0M 2A0","<li class=""mlr__submenu__item"" tabindex=""0""><h4>519-666-2124</h4>
</li>"
,,
L & K Plumbing And Renovations Inc,"
21 Breton Park Cres, London, ON N5W 1N2","<li class=""mlr__submenu__item"" tabindex=""0""><h4>519-494-6962</h4>
</li>"
S W Atchison Plumbing & Heating Ltd,"
4-4186 Raney Cres, London, ON N6L 1C3","<li class=""mlr__submenu__item"" tabindex=""0""><h4>519-652-0673</h4>
</li>"
Atchison S W Plumbing & Heating Ltd,"
4186 Raney Cres, London, ON N6L 1C3","<li class=""mlr__submenu__item"" tabindex=""0""><h4>519-652-5007</h4>
</li>"
,,
,,
Roy Inch & Sons Home Services by Enercare,"
B1-3500 White Oak Rd, London, ON N6E 2Z9","<li class=""mlr__submenu__item"" tabindex=""0""><h4>226-271-0055</h4>
</li>"
Walter Loretan Plumbing And Heating Limited,"
545 Gordon Ave, London, ON N6J 2V9","<li class=""mlr__submenu__item"" tabindex=""0""><h4>519-686-4771</h4>
</li>"
Roy Inch & Sons,"
London, ON N6E 2Z9","<li class=""mlr__submenu__item"" tabindex=""0""><h4>226-271-0013</h4>
</li>"
Total Plumbing Solutions,"
399 Talbot Street, Saint Thomas, ON N5P 1B7","<li class=""mlr__submenu__item"" tabindex=""0""><h4>519-933-0014</h4>
</li>"
London Drain Sevices,"
353 Manitoba St, London, ON N5W 4W2","<li class=""mlr__submenu__item"" tabindex=""0""><h4>226-973-4004</h4>
</li>"
PlumbingWorx,"
869 Adelaide St N, London, ON N5Y 2M2","<li class=""mlr__submenu__item"" tabindex=""0""><h4>519-697-2981</h4>
</li>"
Household Plumbing,"
310 Adélaïde St S, London, ON N5Z 3L2","<li class=""mlr__submenu__item"" tabindex=""0""><h4>519-438-1121</h4>
</li>"
MBH Mechanical,"
1600 Culver Dr, London, ON N5V 3H5","<li class=""mlr__submenu__item"" tabindex=""0""><h4>519-472-4449</h4>
</li>"
Action Drainage & Plumbing,"
6682 Fisher Lane, London, ON N6N 1G9","<li class=""mlr__submenu__item"" tabindex=""0""><h4>519-452-1684</h4>
</li>"
Upstream Plumbing Services,"
136 Emily Street, Saint Marys, ON N4X 1C4","<li class=""mlr__submenu__item"" tabindex=""0""><h4>519-872-5545</h4>
</li>"
Plumber Dave,"
London, ON","<li class=""mlr__submenu__item"" tabindex=""0""><h4>519-281-9166</h4>
</li>"
,,
London Tap repair,"
London, ON","<li class=""mlr__submenu__item"" tabindex=""0""><h4>519-521-5600</h4>
</li>"
,,
Taps Of London Plumbing,"
142 Harley St, London, ON N5Y 2C2","<li class=""mlr__submenu__item"" tabindex=""0""><h4>519-672-0210</h4>
</li>"
EMCO Corporation,"
944 Leathorne St, London, ON N5Z 3M5","<li class=""mlr__submenu__item"" tabindex=""0""><h4>519-686-7340</h4>
</li>"
EMCO Corporation,"
944 Leathorne St, London, ON N5Z 3M5","<li class=""mlr__submenu__item"" tabindex=""0""><h4>519-686-1141</h4>
</li>"
L & K Plumbing And Renovations,"
21 Breton Park Cres, London, ON N5W 1N2","<li class=""mlr__submenu__item"" tabindex=""0""><h4>226-663-8974</h4>
</li>"
Roy Inch & Sons Service Experts,"
London, ON N6E 2Z9","<li class=""mlr__submenu__item"" tabindex=""0""><h4>226-798-0008</h4>
</li>"
Taps Plumbing Ltd,"
659 Central Ave, London, ON N5W 3P7","<li class=""mlr__submenu__item"" tabindex=""0""><h4>226-781-9784</h4>
</li>"
London Ontario Plumbers,"
40 Beaufort St, London, ON N6G 1A8","<li class=""mlr__submenu__item"" tabindex=""0""><h4>519-933-8295</h4>
</li>"
Opi Plumbers,"
366 Wortley Rd, London, ON N6C 3S2","<li class=""mlr__submenu__item"" tabindex=""0""><h4>519-808-6647</h4>
</li>"
Mr. Rooter Plumbing,"
125-4474 Blakie Rd, London, ON N6L 1G7","<li class=""mlr__submenu__item"" tabindex=""0""><h4>226-289-1770</h4>
</li>"
Adac Plumbing & Drainage,"
626 Talbot St, St Thomas, ON N5P 1C8","<li class=""mlr__submenu__item"" tabindex=""0""><h4>519-702-9022</h4>
</li>"
,,
,,
,,
,,
,,
,,
,,
,,
Roy Inch & Sons Service Experts,"
London, ON","<li class=""mlr__submenu__item"" tabindex=""0""><h4>226-798-0333</h4>
</li>"
Roy Inch & Sons Service Experts,"
London, ON","<li class=""mlr__submenu__item"" tabindex=""0""><h4>226-798-0017</h4>
</li>"
